species	Mean_Cluster_Ratio
Dana	0.010626826379294841
Dazt	0.0035205157967106
Dbia	0.06413692198721747
Dere	0.0875177948797205
Dfic	0.0624693266204792
Dmel	0.040125223422363396
Dmoj	0.029356306923049857
Dper	0.018481562793568426
Dpse	0.017676229081283176
Dsim	0.01316571693709396
Dsub	0.0030672481979800003
Dsuz	0.00970857080581345
Dtak	0.03970533324083347
Dvir	0.02484512838584075
Dyak	0.11269158054400934