species	Mean_Cluster_Ratio
Dana	0.023334943406349982
Dazt	0.0095551914671154
Dbia	0.08864097903863542
Dere	0.11645783537613034
Dfic	0.13310950773069044
Dmel	0.05947203047705805
Dmoj	0.05546012682812014
Dper	0.0397545992240024
Dpse	0.0364079818593315
Dsim	0.03101082071680598
Dsub	0.00643949804092305
Dsuz	0.0149670219733667
Dtak	0.08912891515067338
Dvir	0.038540637686535026
Dyak	0.1344284832198218