species	Mean_Cluster_Ratio
Dana	0.00274164632932326
Dazt	0.0015760062502555
Dbia	0.0021672185700572747
Dere	0.003629971178009875
Dfic	0.00491770569241035
Dmel	0.0043740696774968
Dmoj	0.00399819043160544
Dper	0.003119957389187275
Dpse	0.00381246990419705
Dsim	0.0017475050455442
Dsub	0.0005521725143927499
Dsuz	0.00210382418131025
Dtak	0.0014150114911838333
Dvir	0.005184745999728975
Dyak	0.00727758372398314