species	Mean_Cluster_Ratio
Dana	0.0212890352470269
Dazt	0.0104232713585825
Dbia	0.09425065612465393
Dere	0.10524475871109605
Dfic	0.1071336771526728
Dmel	0.0663508635540586
Dmoj	0.04495533037526932
Dper	0.03502450839771995
Dpse	0.029649108857634297
Dsim	0.0260810858497957
Dsub	0.00665111731069585
Dsuz	0.018396932507514
Dtak	0.07473324998191223
Dvir	0.03761726237959177
Dyak	0.13137962884638194